,predicted price
0,488657.91833333333
1,210313.52833333332
2,205717.83333333334
3,170698.0
4,220797.16833333333
5,165073.83333333334
6,120593.83333333333
7,437740.75666666665
8,276874.19166666665
9,250206.035
10,384975.0883333333
11,70694.33333333333
12,272968.005
13,265810.83666666667
14,239509.83333333334
15,134789.33333333334
16,93859.0
17,96689.0
18,347701.555
19,366162.285
20,192995.33333333334
21,290697.67
22,214848.50666666665
23,68472.5
24,114269.66666666667
25,64227.833333333336
26,313086.21166666667
27,164713.33333333334
28,81748.665
29,145750.66666666666
30,170338.0
31,103023.16666666667
32,142318.66833333333
33,84977.83166666667
34,59314.833333333336
35,357508.375
36,138141.5
37,228661.33333333334
38,86510.83333333333
39,306499.23333333334
40,249540.505
41,325869.34
42,203721.66666666666
43,341470.42833333334
44,204274.66666666666
45,170553.17166666666
46,121754.5
47,167311.16666666666
48,110256.5
49,300460.035
50,98869.33333333333
51,84168.83333333333
52,380010.58
53,197418.66666666666
54,499379.4866666667
55,173237.83333333334
56,411536.885
57,199528.84166666667
58,392068.43166666664
59,142160.83333333334
60,157148.0
61,484821.16333333333
62,270764.005
63,344845.01166666666
64,171573.0
65,144739.66666666666
66,178505.83333333334
67,160348.66666666666
68,224334.01
69,482815.47833333333
70,309418.0133333333
71,275168.3333333333
72,217388.68333333332
73,153503.83333333334
74,454929.96
75,184905.16666666666
76,144858.33333333334
77,164320.33333333334
78,228309.335
79,56396.333333333336
80,174401.33333333334
81,203321.335
82,178567.83333333334
83,80098.66666666667
84,325090.00333333336
85,195405.66666666666
86,246295.16833333333
87,219985.84
88,315835.0983333333
89,213268.16666666666
90,103690.33333333333
91,310121.07166666666
92,193519.50166666668
93,107475.5
94,71237.33333333333
95,186710.5
96,114594.0
97,185735.68
98,111981.16666666667
99,356268.53833333333
100,249684.045
101,177224.83333333334
102,236224.84166666667
103,98701.505
104,269438.1716666667
105,333974.05333333334
106,57311.666666666664
107,157325.33333333334
108,211201.33666666667
109,275057.36
110,74258.66666666667
111,188343.16666666666
112,93423.0
113,120895.83333333333
114,138533.5
115,72489.0
116,77518.16666666667
117,267858.35
118,379226.08
119,123608.0
120,315726.85833333334
121,98932.16666666667
122,240184.00166666668
123,264030.00166666665
124,117134.83333333333
125,127626.66666666667
126,254127.0
127,122884.16666666667
128,208902.335
129,105608.5
130,225312.83333333334
131,353792.34
132,195375.66666666666
133,497774.13
134,54554.833333333336
135,67069.99666666667
136,97963.83333333333
137,103869.33333333333
138,153569.5
139,115689.83333333333
140,160595.66833333333
141,57416.0
142,290882.1666666667
143,240140.34166666667
144,70608.66666666667
145,118632.83333333333
146,498170.14
147,484962.26
148,282950.17
149,427172.62
150,332689.87333333335
151,219326.00166666668
152,216427.67
153,75899.97333333333
154,169522.83333333334
155,90956.83333333333
156,117502.66666666667
157,182098.66666666666
158,89016.0
159,126790.0
160,416319.71166666667
161,404590.37166666664
162,109877.33333333333
163,273805.2
164,486747.9733333333
165,193459.0
166,226655.0
167,84256.33333333333
168,315883.0516666667
169,135038.83333333334
170,71611.00166666666
171,193462.33666666667
172,209466.16666666666
173,136870.5
174,70284.66666666667
175,72759.5
176,146786.66666666666
177,130569.83333333333
178,188425.33333333334
179,72637.66333333333
180,245419.70333333334
181,237622.5
182,123067.33333333333
183,286551.29833333334
184,174012.0
185,94516.16666666667
186,57248.66
187,114039.66666666667
188,102695.5
189,291314.035
190,160462.83333333334
191,149058.84166666667
192,77969.0
193,208351.09
194,215785.67666666667
195,260520.50333333333
196,309255.84
197,236755.5
198,333752.33666666667
199,173584.16666666666
200,308941.675
201,64190.333333333336
202,134018.83333333334
203,100842.83333333333
204,65124.0
205,175196.16666666666
206,307131.7216666667
207,96338.0
208,204505.005
209,168900.83333333334
210,226417.5
211,234510.33833333335
212,498277.47833333333
213,263401.01166666666
214,358925.2916666667
215,91886.66666666667
216,82477.0
217,223574.50333333333
218,172354.17666666667
219,135711.33333333334
220,318477.87166666664
221,113578.66833333333
222,97581.0
223,220481.50166666668
224,184172.0
225,212137.83666666667
226,198751.335
227,314047.405
228,187185.66666666666
229,314335.645
230,307061.025
231,176553.0
232,66926.0
233,68945.0
234,162473.16666666666
235,390296.06833333336
236,248193.33833333335
237,115188.50333333333
238,243024.50833333333
239,340124.5466666667
240,157965.67
241,132935.33333333334
242,146506.16666666666
243,186729.0
244,196890.67333333334
245,346100.025
246,457628.43333333335
247,213729.50166666668
248,107140.16666666667
249,250879.0
250,240934.175
251,84078.16666666667
252,311233.68166666664
253,125047.33333333333
254,414135.2316666667
255,283081.04
256,289065.50166666665
257,191493.33333333334
258,182998.16666666666
259,248620.16833333333
260,233062.17
261,123863.0
262,254540.00166666668
263,249827.66666666666
264,184500.00166666668
265,450866.145
266,80192.33333333333
267,258145.84833333333
268,149007.66666666666
269,169298.16666666666
270,203500.33833333335
271,233355.84666666668
272,141665.83333333334
273,224657.17
274,154468.66666666666
275,231670.855
276,78018.33333333333
277,163164.16666666666
278,84433.0
279,447654.18833333335
280,176849.66666666666
281,237979.17
282,132856.83333333334
283,100467.66666666667
284,187012.66666666666
285,103839.5
286,174463.50333333333
287,238505.0
288,176795.335
289,268717.01666666666
290,152523.0
291,129668.5
292,193456.16666666666
293,363873.17333333334
294,181909.5
295,313389.07
296,337359.5316666667
297,251059.66666666666
298,240662.67166666666
299,231574.00833333333
300,345730.43
301,283296.3333333333
302,333705.01666666666
303,59515.0
304,360633.855
305,219665.83833333335
306,202728.0
307,130042.16666666667
308,83627.33333333333
309,79452.33333333333
310,374314.81333333335
311,90607.33333333333
312,180622.53
313,65352.333333333336
314,286869.52
315,74235.16666666667
316,437879.47
317,252562.335
318,447229.88666666666
319,117080.66666666667
320,163619.5
321,252153.19333333333
322,225916.33333333334
323,214802.335
324,79245.0
325,363198.73
326,117828.83333333333
327,339729.85
328,139266.5
329,197818.16666666666
330,241341.83333333334
331,91330.66833333333
332,189828.5
333,153339.83333333334
334,108403.0
335,260447.56333333332
336,112250.16666666667
337,141048.33333333334
338,185337.83333333334
339,499772.1616666667
340,94305.16666666667
341,227575.50333333333
342,166792.67
343,259436.02833333332
344,213974.33833333335
345,121452.83333333333
346,206634.83333333334
347,148072.33333333334
348,264698.8883333333
349,96915.33333333333
350,91995.00833333333
351,333568.1666666667
352,173583.16666666666
353,72522.66666666667
354,344151.24166666664
355,129712.66666666667
356,195155.16833333333
357,140855.17
358,195954.33333333334
359,356830.7316666667
360,122056.83333333333
361,244373.66666666666
362,282927.41333333333
363,271426.8483333333
364,225499.16833333333
365,153131.16666666666
366,176243.5
367,151692.0
368,242397.5
369,267301.515
370,77593.66666666667
371,186810.16666666666
372,143138.66666666666
373,106765.83333333333
374,106140.5
375,249189.835
376,394360.85833333334
377,158635.33333333334
378,218221.18833333332
379,197133.85
380,301398.49
381,413833.7366666667
382,93254.83333333333
383,87014.33333333333
384,192724.66666666666
385,114183.005
386,342908.33666666667
387,108249.5
388,187186.83333333334
389,115231.02333333333
390,125572.33333333333
391,266100.195
392,321741.4866666667
393,203410.83333333334
394,337958.0233333333
395,391417.14166666666
396,124107.33333333333
397,250716.0
398,113006.5
399,428211.63666666666
400,271252.5133333333
401,242963.175
402,92091.0
403,158366.16666666666
404,62937.5
405,170246.83333333334
406,259700.17
407,124783.5
408,340527.55666666664
409,185246.17333333334
410,151702.83333333334
411,102312.66666666667
412,87066.83333333333
413,209187.34
414,185812.33333333334
415,145015.0
416,171188.0
417,152568.5
418,306878.3466666667
419,420668.05666666664
420,147549.83333333334
421,112874.5
422,240940.50333333333
423,177214.66833333333
424,198848.16833333333
425,153796.34833333333
426,121826.33333333333
427,181650.335
428,115906.0
429,247970.50333333333
430,205687.66833333333
431,230747.33833333335
432,134303.5
433,163980.66666666666
434,216667.77666666667
435,222513.01166666666
436,238366.5
437,312120.33666666667
438,176233.83333333334
439,152953.50333333333
440,321899.08166666667
441,160292.83333333334
442,158722.33333333334
443,239438.00666666665
444,177805.68166666667
445,179354.66666666666
446,216589.00333333333
447,360884.44
448,55082.496666666666
449,137810.50333333333
450,224597.34833333333
451,145775.66666666666
452,70617.14666666667
453,117895.16666666667
454,198383.33333333334
455,376151.3933333333
456,184485.83333333334
457,205938.68166666667
458,83180.83333333333
459,92721.83333333333
460,260990.67
461,203374.16833333333
462,385510.87333333335
463,158160.83333333334
464,75794.16666666667
465,313470.48333333334
466,249731.01666666666
467,285896.1716666667
468,276693.1666666667
469,236416.335
470,201918.0
471,349339.11333333334
472,292561.01
473,92300.33333333333
474,89060.83333333333
475,81226.0
476,499070.31833333336
477,492939.23333333334
478,155061.0
479,222983.0
480,449999.435
481,197476.00833333333
482,75905.83333333333
483,315317.53
484,338041.2166666667
485,58644.333333333336
486,306331.03833333333
487,110086.16666666667
488,82765.66666666667
489,129612.0
490,92855.33333333333
491,462452.855
492,61997.166666666664
493,117107.5
494,286108.20166666666
495,245506.66666666666
496,139269.5
497,145632.83333333334
498,218619.16666666666
499,298970.85
500,263423.50666666665
501,199939.33333333334
502,210124.335
503,171107.33333333334
504,190631.83333333334
505,184147.2
506,237195.50333333333
507,82699.49166666667
508,222715.33833333335
509,81113.66666666667
510,138818.5
511,128294.16666666667
512,147318.66666666666
513,98499.5
514,66030.66666666667
515,269035.53
516,61416.5
517,111649.5
518,166134.5
519,138465.83333333334
520,187310.83833333335
521,326764.16833333333
522,240432.66833333333
523,171021.16666666666
524,354180.1383333333
525,308268.205
526,106690.16666666667
527,151119.67
528,432603.525
529,69738.33333333333
530,193313.5
531,259830.01333333334
532,498155.115
533,216746.66666666666
534,230010.33333333334
535,224770.83333333334
536,189499.33333333334
537,186419.16833333333
538,250541.66833333333
539,219830.33666666667
540,289572.0416666667
541,123199.83333333333
542,421931.955
543,91205.83333333333
544,369749.74333333335
545,77628.0
546,246141.84
547,261875.835
548,122187.33333333333
549,260766.17
550,157424.33333333334
551,207823.83666666667
552,242263.03666666665
553,184753.5
554,189934.66666666666
555,348541.62166666664
556,161972.0
557,442078.835
558,423193.23
559,113226.66666666667
560,56058.333333333336
561,155468.66666666666
562,162651.83666666667
563,57967.333333333336
564,491040.19333333336
565,132179.16666666666
566,74259.0
567,429632.7683333333
568,222936.0
569,79497.83333333333
570,198730.0
571,226151.66666666666
572,313108.335
573,354848.02
574,149765.83333333334
575,362222.85333333333
576,470456.00666666665
577,407085.705
578,75784.5
579,297897.255
580,175517.33333333334
581,112799.0
582,270412.835
583,303112.36666666664
584,332946.76666666666
585,57999.95166666667
586,113356.16666666667
587,128784.33333333333
588,227408.00333333333
589,243804.89
590,277992.18
591,249779.85333333333
592,328393.2816666667
593,165545.50333333333
594,192197.50833333333
595,271819.2783333333
596,160339.66666666666
597,101378.5
598,199797.01
599,80200.33333333333
600,117264.0
601,158116.83333333334
602,157695.66833333333
603,188931.16833333333
604,126218.35333333333
605,78839.16666666667
606,174935.0
607,193024.0
608,93375.00333333333
609,254884.16833333333
610,311566.345
611,134721.33333333334
612,130434.66666666667
613,156314.16666666666
614,203619.0
615,170816.18
616,228860.86666666667
617,308810.5333333333
618,374421.4
619,117761.83333333333
620,138895.66666666666
621,217713.0
622,215062.83333333334
623,412055.89666666667
624,214613.16666666666
625,78956.5
626,305060.6666666667
627,122275.16666666667
628,151339.0
629,75296.83333333333
630,63638.333333333336
631,492508.545
632,180332.38666666666
633,222644.335
634,245570.18833333332
635,220139.83666666667
636,141229.16666666666
637,68050.5
638,332855.52166666667
639,171432.335
640,319184.62833333336
641,332448.20666666667
642,194879.83333333334
643,253175.51333333334
644,69834.66666666667
645,136100.33333333334
646,425243.1533333333
647,116598.33333333333
648,220692.16666666666
649,270990.045
650,223769.50833333333
651,213561.01
652,150556.33333333334
653,85112.33333333333
654,209952.97166666668
655,248578.69166666668
656,191481.66666666666
657,102710.5
658,404837.04833333334
659,127023.83333333333
660,114723.83333333333
661,356848.4633333333
662,169870.335
663,240506.17833333334
664,63837.0
665,147627.5
666,233480.835
667,189960.33333333334
668,312402.17833333334
669,355275.04833333334
670,54675.166666666664
671,122805.16666666667
672,199626.83333333334
673,121263.66666666667
674,159823.33333333334
675,88402.83333333333
676,184240.5
677,173088.86666666667
678,74923.805
679,218193.01166666666
680,243973.865
681,167330.02
682,72314.83333333333
683,382776.0283333333
684,136233.5
685,235071.835
686,182674.5
687,111462.33333333333
688,472320.1383333333
689,284722.5416666667
690,352082.8466666667
691,197706.835
692,149747.33333333334
693,220391.00166666668
694,146706.16666666666
695,228146.84166666667
696,240478.16666666666
697,310016.06833333336
698,161573.16666666666
699,121751.83333333333
700,264765.015
701,90903.16666666667
702,205841.83333333334
703,75117.83333333333
704,158944.66666666666
705,207251.33333333334
706,136150.33333333334
707,191973.0
708,134274.5
709,161852.50166666668
710,346057.89166666666
711,344250.06833333336
712,331008.25
713,131362.5
714,124756.33333333333
715,323180.86333333334
716,365866.27166666667
717,177739.33333333334
718,289680.175
719,73681.33333333333
720,131726.50833333333
721,194205.16666666666
722,135373.0
723,155066.0
724,187485.5
725,210869.5
726,312229.67833333334
727,326418.835
728,258268.66666666666
729,75135.83333333333
730,287664.50333333336
731,114628.33333333333
732,116252.0
733,182422.335
734,145255.16666666666
735,109526.5
736,110810.16833333333
737,176472.335
738,338891.69333333336
739,118736.0
740,235341.33333333334
741,62874.82833333333
742,393370.3
743,406613.1983333333
744,219442.0
745,160748.66666666666
746,152695.16666666666
747,382429.7833333333
748,169948.66666666666
749,136727.16666666666
750,103377.16166666667
751,488923.515
752,99078.83333333333
753,162661.16666666666
754,245286.66666666666
755,217371.16833333333
756,81978.83333333333
757,70082.5
758,215137.83333333334
759,282951.8433333333
760,199411.5
761,261991.63333333333
762,96055.66666666667
763,191485.5
764,373189.95
765,171214.66666666666
766,117630.50166666666
767,62986.166666666664
768,215843.66666666666
769,126792.16666666667
770,255848.17833333334
771,198988.02
772,334026.80333333334
773,88795.99166666667
774,445367.63166666665
775,190567.33333333334
776,77548.16666666667
777,497058.9483333333
778,223311.67
779,76481.16666666667
780,256977.00333333333
781,257946.835
782,171702.83333333334
783,208374.67333333334
784,214137.33333333334
785,95145.66666666667
786,203814.00333333333
787,175565.33333333334
788,274079.835
789,92236.66666666667
790,335133.21166666667
791,209662.335
792,163839.17
793,76243.49833333334
794,173464.5
795,185537.83333333334
796,137514.5
797,128656.0
798,150244.66666666666
799,101715.0
800,92826.58166666667
801,81177.16666666667
802,172834.68333333332
803,293997.525
804,243238.515
805,188688.50333333333
806,264276.1766666667
807,372344.2133333333
808,88804.16666666667
809,264888.3466666667
810,139923.16666666666
811,124789.57333333333
812,201169.35333333333
813,105184.33333333333
814,180376.33333333334
815,275502.3383333333
816,247191.005
817,264289.6716666667
818,212410.17666666667
819,144466.0
820,92426.16666666667
821,441053.55833333335
822,256362.00333333333
823,162318.50333333333
824,241576.34833333333
825,288172.8483333333
826,220968.51
827,156778.66666666666
828,359694.13166666665
829,194246.66833333333
830,248503.17666666667
831,239866.68666666668
832,120898.33333333333
833,146029.16666666666
834,276955.83666666667
835,166598.16666666666
836,115217.5
837,301921.18
838,142409.33333333334
839,85662.16666666667
840,340602.8983333333
841,228918.00333333333
842,211979.83833333335
843,371444.70166666666
844,195820.335
845,167471.66666666666
846,201735.835
847,172713.83333333334
848,370880.70166666666
849,68740.0
850,486901.0
851,177263.33333333334
852,161432.16666666666
853,317607.525
854,84258.83333333333
855,111810.33333333333
856,183966.0
857,370874.69166666665
858,116919.66666666667
859,142181.33333333334
860,164240.335
861,102714.16666666667
862,254698.16833333333
863,72528.5
864,310982.51
865,170263.5
866,281766.8333333333
867,69329.16666666667
868,405600.0783333333
869,382241.38
870,263089.17333333334
871,166732.16666666666
872,260649.845
873,359695.12
874,96418.5
875,136220.83333333334
876,89711.5
877,165203.00333333333
878,310882.2216666667
879,101938.83333333333
880,93552.5
881,227499.00166666668
882,140794.66833333333
883,395556.87
884,108085.5
885,267169.00166666665
886,117502.66666666667
887,195921.83333333334
888,137239.0
889,227696.66833333333
890,474238.00333333336
891,320400.175
892,103570.16666666667
893,332989.3933333333
894,191500.50166666668
895,132723.66833333333
896,340265.0366666667
897,261607.02833333332
898,223241.005
899,341407.875
900,171277.66833333333
901,316036.18
902,420810.5966666667
903,285465.235
904,292925.3383333333
905,181677.0
906,212723.33333333334
907,333265.7
908,114772.83333333333
909,229473.00166666668
910,188094.33333333334
911,373682.53833333333
912,214493.00166666668
913,290327.85333333333
914,80317.31666666667
915,158513.00166666668
916,369311.86666666664
917,147510.16666666666
918,400788.7683333333
919,203454.83333333334
920,212088.0
921,73824.16666666667
922,195719.33666666667
923,409221.765
924,98182.16666666667
925,287942.67
926,84584.83333333333
927,232466.66666666666
928,185681.33333333334
929,205671.36333333334
930,111735.16666666667
931,189781.5
932,254908.50166666668
933,189232.89666666667
934,153980.34166666667
935,71500.16666666667
936,142598.66666666666
937,93228.66666666667
938,164639.0
939,133957.5
940,198628.0
941,196895.84166666667
942,113674.5
943,200520.66666666666
944,222150.84166666667
945,106102.66666666667
946,353181.8416666667
947,185031.83333333334
948,160848.33333333334
949,359917.52
950,376981.69166666665
951,80426.5
952,209183.35
953,361892.23833333334
954,113947.5
955,158513.34166666667
956,89412.16666666667
957,451156.05833333335
958,105654.33333333333
959,141738.66666666666
960,203774.5
961,112605.0
962,467549.14666666667
963,153814.0
964,75002.83333333333
965,388411.01
966,116923.0
967,308024.51
968,189384.0
969,371109.43833333335
970,257102.68333333332
971,59847.0
972,466535.8383333333
973,136561.5
974,136221.0
975,193110.16666666666
976,204739.34
977,282601.8883333333
978,244109.53
979,214964.0
980,115011.16666666667
981,77536.0
982,416764.6566666667
983,128767.835
984,184642.66833333333
985,121471.66666666667
986,191753.33333333334
987,166822.66666666666
988,345681.7
989,306719.68166666664
990,316749.87333333335
991,182635.33333333334
992,295439.335
993,144968.50666666665
994,214575.845
995,271810.67
996,199780.16666666666
997,195149.83333333334
998,134428.66666666666
999,368062.4016666667
1000,205810.335
1001,223189.175
1002,195254.17333333334
1003,150161.5
1004,192355.33333333334
1005,66745.16666666667
1006,208262.51
1007,480040.5966666667
1008,276553.1716666667
1009,139406.33333333334
1010,270548.03833333333
1011,78167.33333333333
1012,94925.83333333333
1013,331099.38
1014,162028.66833333333
1015,220386.67833333334
1016,80038.0
1017,263089.6766666667
1018,231512.50333333333
1019,248464.66666666666
1020,67079.33333333333
1021,94464.16666666667
1022,470618.075
1023,187586.00666666665
1024,168030.5
1025,94230.33333333333
1026,72183.16666666667
1027,101158.0
1028,456745.465
1029,348496.265
1030,63532.5
1031,210860.0
1032,186586.36333333334
1033,179889.0
1034,423776.785
1035,269966.50666666665
1036,168944.33666666667
1037,90134.66666666667
1038,323131.2183333333
1039,140943.00333333333
1040,88089.16666666667
1041,102766.83333333333
1042,51154.5
1043,56506.665
1044,201715.33333333334
1045,216891.33333333334
1046,55417.32833333333
1047,250883.16666666666
1048,237481.0
1049,124043.33333333333
1050,160612.66666666666
1051,213006.68666666668
1052,224727.83333333334
1053,143020.33333333334
1054,238597.0
1055,171671.5
1056,126169.5
1057,234945.41166666665
1058,189939.50166666668
1059,126705.355
1060,196340.33333333334
1061,336313.9
1062,104165.33333333333
1063,129989.5
1064,163527.66833333333
1065,276341.00166666665
1066,142843.0
1067,97841.16666666667
1068,151777.51333333334
1069,142639.0
1070,313671.02
1071,183226.66833333333
1072,212557.33333333334
1073,292876.86666666664
1074,115011.83333333333
1075,290689.19
1076,310680.21166666667
1077,58729.666666666664
1078,196058.66
1079,73723.455
1080,317974.12666666665
1081,324153.76666666666
1082,229384.5
1083,124402.0
1084,152569.66666666666
1085,119160.5
1086,186107.005
1087,159619.0
1088,137936.16666666666
1089,319599.7083333333
1090,137629.66666666666
1091,83994.99833333334
1092,70164.0
1093,194832.17
1094,192683.5
1095,111647.16666666667
1096,99348.66666666667
1097,470480.11
1098,88918.33333333333
1099,250590.66833333333
1100,203401.16833333333
1101,188172.5
1102,252575.16666666666
1103,136344.83333333334
1104,117503.5
1105,276215.70666666667
1106,122297.5
1107,193945.16666666666
1108,159522.66666666666
1109,294437.18666666665
1110,284663.025
1111,328394.36333333334
1112,69621.5
1113,205503.66666666666
1114,350343.67833333334
1115,70419.83333333333
1116,137720.0
1117,115689.66666666667
1118,127066.5
1119,128130.66666666667
1120,273464.0266666667
1121,283862.62166666664
1122,384237.31666666665
1123,271895.01
1124,224111.185
1125,169847.17166666666
1126,126257.66666666667
1127,394453.9666666667
1128,114919.66666666667
1129,216643.01166666666
1130,139629.5
1131,94645.0
1132,250176.01166666666
1133,212715.00333333333
1134,190421.83666666667
1135,148583.0
1136,232086.0
1137,108011.0
1138,456081.94333333336
1139,139975.83333333334
1140,234258.7
1141,256699.51166666666
1142,314460.69666666666
1143,215523.0
1144,196796.66666666666
1145,472247.845
1146,494462.5916666667
1147,173480.66666666666
1148,307497.05
1149,160001.0
1150,288145.17333333334
1151,291693.3333333333
1152,106503.0
1153,351338.3616666667
1154,90244.84
1155,340538.00166666665
1156,103375.66666666667
1157,369363.83166666667
1158,275259.54
1159,211809.83333333334
1160,89247.83333333333
1161,107030.5
1162,78300.33333333333
1163,149415.5
1164,92956.66666666667
1165,96438.665
1166,103332.0
1167,183332.16833333333
1168,257693.34166666667
1169,185869.66666666666
1170,246464.005
1171,278874.0316666667
1172,100504.66666666667
1173,198634.66666666666
1174,120312.33333333333
1175,193593.5
1176,302284.0283333333
1177,77175.5
1178,191755.335
1179,365343.2633333333
1180,143789.66666666666
1181,87730.83333333333
1182,153172.16833333333
1183,480822.87166666664
1184,166916.33333333334
1185,144907.33333333334
1186,129238.16666666667
1187,159513.33333333334
1188,256947.69333333333
1189,122700.33333333333
1190,347307.38666666666
1191,260479.72
1192,288463.865
1193,158790.16666666666
1194,476650.87166666664
1195,144397.0
1196,75972.0
1197,226005.66833333333
1198,146059.5
1199,438835.5416666667
1200,335417.24333333335
1201,196069.33833333335
1202,64172.5
1203,199737.335
1204,70401.5
1205,180253.16666666666
1206,174596.33333333334
1207,129609.66833333333
1208,120999.67
1209,246932.00166666668
1210,236248.02666666667
1211,116965.0
1212,75791.16666666667
1213,64908.0
1214,448312.3016666667
1215,328834.8433333333
1216,113804.5
1217,128552.33333333333
1218,105646.16666666667
1219,86737.66666666667
1220,342632.5266666667
1221,106148.66666666667
1222,211879.83333333334
1223,155709.0
1224,196209.83333333334
1225,81747.33333333333
1226,109414.16666666667
1227,140716.5
1228,427614.215
1229,156114.16666666666
1230,173250.16666666666
1231,67645.83333333333
1232,165409.66666666666
1233,66426.33333333333
1234,142787.66666666666
1235,310768.37
1236,465640.045
1237,231009.16833333333
1238,145394.66666666666
1239,261186.67333333334
1240,323506.18333333335
1241,244652.53666666665
1242,174373.0
1243,300642.73833333334
1244,109482.33333333333
1245,90180.16833333333
1246,245056.83333333334
1247,110621.66666666667
1248,230766.00333333333
1249,297442.01
1250,256482.9
1251,263900.3333333333
1252,174220.0
1253,153077.66666666666
1254,232503.14
1255,235194.16833333333
1256,408250.4666666667
1257,453712.69166666665
1258,209567.00666666665
1259,260531.10333333333
1260,174392.66666666666
1261,109359.00166666666
1262,143281.0
1263,319184.17333333334
1264,141432.0
1265,414330.8466666667
1266,405673.12333333335
1267,337634.52
1268,151940.5
1269,107141.33333333333
1270,245640.50166666668
1271,327181.34
1272,197795.33333333334
1273,182650.83833333335
1274,263619.3433333333
1275,297616.18333333335
1276,146317.0
1277,166742.0
1278,95101.16666666667
1279,149888.00166666668
1280,227298.16666666666
1281,272871.23833333334
1282,336122.86
1283,93728.5
1284,232661.5
1285,168863.845
1286,227991.17166666666
1287,54626.833333333336
1288,165620.0
1289,97196.66666666667
1290,197456.5
1291,395256.055
1292,435540.61833333335
1293,380283.2216666667
1294,111214.33333333333
1295,148357.5
1296,308581.00166666665
1297,146994.33333333334
1298,196488.86166666666
1299,240769.16666666666
1300,373645.3566666667
1301,449056.26666666666
1302,162511.0
1303,265983.00666666665
1304,268554.6766666667
1305,103676.33333333333
1306,64702.166666666664
1307,100502.17166666666
1308,381047.22
1309,78939.33333333333
1310,101902.83333333333
1311,122085.16666666667
1312,162589.16666666666
1313,159749.5
1314,225778.67833333334
1315,343830.455
1316,316874.69
1317,149182.83833333335
1318,275665.68166666664
1319,321438.67333333334
1320,117313.16833333333
1321,204649.16666666666
1322,373362.565
1323,244680.51833333334
1324,322089.0783333333
1325,445101.625
1326,405999.545
1327,480963.345
1328,87116.83333333333
1329,90862.83333333333
1330,200360.33333333334
1331,73355.16666666667
1332,386917.3016666667
1333,93183.5
1334,215307.50666666665
1335,113800.66666666667
1336,338254.33
1337,76731.83333333333
1338,237054.50166666668
1339,139843.16666666666
1340,267805.8466666667
1341,161848.33333333334
1342,166249.00166666668
1343,111743.33333333333
1344,160077.5
1345,97105.83333333333
1346,196288.16666666666
1347,344966.125
1348,165902.33333333334
1349,274638.005
1350,77608.5
1351,154209.505
1352,427278.75166666665
1353,250053.215
1354,215706.17
1355,216563.675
1356,340861.4016666667
1357,89377.33333333333
1358,283489.16833333333
1359,168082.5
1360,61686.333333333336
1361,178909.5
1362,157915.835
1363,234943.5
1364,188802.875
1365,114242.83333333333
1366,191468.67333333334
1367,273516.1716666667
1368,59746.833333333336
1369,220628.33833333335
1370,242245.33333333334
1371,335727.69666666666
1372,84172.16666666667
1373,132252.33333333334
1374,102987.00333333333
1375,151336.66666666666
1376,236523.34833333333
1377,282896.9016666667
1378,216983.66666666666
1379,101272.16666666667
1380,335056.61833333335
1381,243809.16666666666
1382,79361.16666666667
1383,210377.66666666666
1384,191984.16666666666
1385,324158.52166666667
1386,234727.835
1387,168343.33333333334
1388,207703.16666666666
1389,116628.0
1390,105447.0
1391,99497.16666666667
1392,130476.0
1393,378922.01166666666
1394,144653.83333333334
1395,148215.16666666666
1396,397789.2216666667
1397,304021.84
1398,382079.37833333336
1399,498811.98333333334
1400,275400.8333333333
1401,64821.333333333336
1402,247146.835
1403,56122.833333333336
1404,167787.5
1405,65194.0
1406,123931.66666666667
1407,225157.16666666666
1408,163593.50166666668
1409,113259.16833333333
1410,230694.83666666667
1411,380876.0933333333
1412,174279.0
1413,109486.66666666667
1414,230438.83333333334
1415,163251.67
1416,157141.66666666666
1417,172058.16666666666
1418,62650.666666666664
1419,92329.5
1420,265919.18833333335
1421,156466.50666666665
1422,129317.5
1423,89824.33333333333
1424,247520.67166666666
1425,181158.16666666666
1426,70154.0
1427,222658.16666666666
1428,89374.0
1429,80983.33333333333
1430,71216.995
1431,277850.0233333333
1432,149712.00166666668
1433,208831.83333333334
1434,285722.3933333333
1435,281290.8383333333
1436,207027.5
1437,161602.0
1438,411394.1
1439,250590.00833333333
1440,135498.00166666668
1441,98928.83333333333
1442,138335.33333333334
1443,102662.5
1444,223273.83333333334
1445,135433.00333333333
1446,250778.33333333334
1447,375457.93666666665
1448,205987.83833333335
1449,152604.5
1450,276931.1666666667
1451,365691.61333333334
1452,242063.515
1453,359565.235
1454,160336.83333333334
1455,375969.42
1456,404385.645
1457,142829.83333333334
1458,123706.33333333333
1459,146350.0
1460,122259.335
1461,483049.195
1462,89577.0
1463,158058.0
1464,271118.3383333333
1465,303874.71
1466,128593.83333333333
1467,216282.50166666668
1468,155770.0
1469,403166.99
1470,261222.33333333334
1471,95088.33333333333
1472,78542.0
1473,253617.2
1474,402453.1433333333
1475,241057.16833333333
1476,313186.8483333333
1477,79687.66666666667
1478,219839.0
1479,246471.50166666668
1480,92866.0
1481,161622.16666666666
1482,134778.16666666666
1483,88078.83333333333
1484,174690.0
1485,107572.83333333333
1486,334916.55333333334
1487,403666.125
1488,191383.16833333333
1489,173758.83333333334
1490,142981.685
1491,216741.53166666668
1492,94597.66666666667
1493,70953.50333333333
1494,174071.16833333333
1495,191464.0
1496,178194.5
1497,82431.0
1498,206788.04333333333
1499,166796.5
1500,349706.095
1501,492487.54333333333
1502,244524.0
1503,151251.83333333334
1504,357116.69666666666
1505,104249.33333333333
1506,199937.33333333334
1507,198302.83333333334
1508,342358.515
1509,66413.0
1510,156633.5
1511,161109.16666666666
1512,85630.16666666667
1513,256749.33833333335
1514,128025.0
1515,81530.81833333333
1516,94549.66666666667
1517,132191.86333333334
1518,210571.83333333334
1519,131031.66666666667
1520,279377.03
1521,198559.00333333333
1522,282436.3333333333
1523,102569.83333333333
1524,228027.505
1525,95050.5
1526,83843.66666666667
1527,184784.335
1528,284908.87666666665
1529,116908.5
1530,142137.33333333334
1531,89052.0
1532,261058.00166666668
1533,273512.16833333333
1534,166135.33333333334
1535,175167.335
1536,103390.16666666667
1537,87177.33333333333
1538,109804.16666666667
1539,433034.82166666666
1540,116831.66666666667
1541,80173.16666666667
1542,220777.875
1543,175490.33333333334
1544,238773.16666666666
1545,299256.72
1546,317587.6716666667
1547,484851.78833333333
1548,151422.16666666666
1549,228372.68333333332
1550,411592.435
1551,387612.2233333333
1552,191668.66666666666
1553,229696.00333333333
1554,112123.5
1555,179389.0
1556,201788.66833333333
1557,122921.0
1558,256100.33333333334
1559,91118.83333333333
1560,81497.66666666667
1561,263048.02
1562,266598.16833333333
1563,150354.17
1564,175752.83333333334
1565,172479.66666666666
1566,129678.33333333333
1567,94644.83333333333
1568,192281.17
1569,92490.5
1570,315732.50333333336
1571,234900.06666666668
1572,160054.83333333334
1573,494812.0466666667
1574,302412.345
1575,217160.33333333334
1576,211214.5
1577,159946.83333333334
1578,109729.18
1579,369664.79333333333
1580,211493.16833333333
1581,124996.33333333333
1582,213560.20166666666
1583,346246.70666666667
1584,51160.5
1585,205141.50166666668
1586,150478.83333333334
1587,211585.66833333333
1588,112362.33333333333
1589,197584.0
1590,151302.16666666666
1591,207577.66666666666
1592,79054.66666666667
1593,316757.21166666667
1594,75671.0
1595,187056.67166666666
1596,161604.835
1597,381407.945
1598,351138.5966666667
1599,91746.83333333333
1600,356800.92
1601,411935.00166666665
1602,210501.67666666667
1603,56498.166666666664
1604,236726.34166666667
1605,107400.5
1606,95433.33333333333
1607,196507.83333333334
1608,265039.0933333333
1609,198397.66666666666
1610,52367.0
1611,183115.66666666666
1612,160833.0
1613,138325.66666666666
1614,309916.00833333336
1615,241260.67
1616,215658.83833333335
1617,352838.4166666667
1618,399614.5133333333
1619,280713.0416666667
1620,62031.33
1621,452759.51
1622,102193.66666666667
1623,334582.8383333333
1624,73826.16666666667
1625,191870.34166666667
1626,199320.16666666666
1627,499630.8283333333
1628,176875.66666666666
1629,317214.1766666667
1630,286669.3383333333
1631,112798.33333333333
1632,236472.16666666666
1633,225891.83666666667
1634,221094.66666666666
1635,148854.33333333334
1636,136891.66666666666
1637,215336.845
1638,122848.0
1639,178197.835
1640,284945.015
1641,148141.0
1642,108445.66666666667
1643,468438.68166666664
1644,251072.675
1645,361434.4633333333
1646,142589.5
1647,52176.166666666664
1648,469363.11833333335
1649,131381.33333333334
1650,174418.66666666666
1651,493745.86
1652,62619.666666666664
1653,260228.19
1654,171928.50166666668
1655,291250.5
1656,239230.66666666666
1657,191770.33333333334
1658,126141.0
1659,226861.00166666668
1660,168215.5
1661,211251.68166666667
1662,64960.166666666664
1663,117156.16666666667
1664,356633.3983333333
1665,111328.83333333333
1666,159380.5
1667,120701.5
1668,297733.17333333334
1669,181345.835
1670,294844.55
1671,211697.50166666668
1672,331034.2083333333
1673,145234.83333333334
1674,91467.33333333333
1675,176579.66666666666
1676,172424.16833333333
1677,156509.33333333334
1678,141704.5
1679,173027.335
1680,281176.54333333333
1681,139644.66666666666
1682,219137.505
1683,148421.66666666666
1684,149199.83333333334
1685,259329.505
1686,95625.33333333333
1687,227654.50666666665
1688,192325.28833333333
1689,185055.0
1690,320232.88666666666
1691,360078.2683333333
1692,214730.34333333332
1693,79893.33333333333
1694,295629.00666666665
1695,205900.335
1696,184648.66666666666
1697,177836.16666666666
1698,436264.955
1699,154199.0
1700,223866.505
1701,331619.39166666666
1702,218265.33333333334
1703,499284.825
1704,184279.50166666668
1705,58454.166666666664
1706,201755.00166666668
1707,172976.33333333334
1708,90402.66666666667
1709,277305.88166666665
1710,189072.66666666666
1711,255154.66833333333
1712,93624.0
1713,271531.8333333333
1714,205847.66666666666
1715,299512.00666666665
1716,280344.17
1717,350233.2966666667
1718,173876.18166666667
1719,320770.68666666665
1720,157714.0
1721,102388.66666666667
1722,233537.83333333334
1723,420348.725
1724,415220.78833333333
1725,443442.18
1726,76823.5
1727,270669.835
1728,197898.005
1729,486759.18166666664
1730,166934.66833333333
1731,180651.66666666666
1732,128116.0
1733,150950.16666666666
1734,94493.66666666667
1735,68626.66666666667
1736,311878.2816666667
1737,122813.33333333333
1738,121139.33333333333
1739,276338.8516666667
1740,241741.355
1741,102185.16833333333
1742,224178.33333333334
1743,79965.66666666667
1744,168004.66666666666
1745,273587.00333333336
1746,181139.5
1747,276549.38
1748,220782.83333333334
1749,232515.16666666666
1750,82083.83333333333
1751,143643.67
1752,219341.50166666668
1753,117215.83333333333
1754,288204.3383333333
1755,59449.5
1756,209557.675
1757,188068.835
1758,137097.67333333334
1759,324843.87166666664
1760,169314.835
1761,107520.0
1762,210191.84
1763,472747.2083333333
1764,125034.83333333333
1765,156449.83333333334
1766,256519.00166666668
1767,218500.16666666666
1768,142770.83333333334
1769,106930.5
1770,113940.5
1771,299641.67
1772,106655.66666666667
1773,391100.77
1774,174878.0
1775,177555.50333333333
1776,117732.66666666667
1777,237015.33333333334
1778,164345.66666666666
1779,93143.0
1780,69297.33166666667
1781,179034.83333333334
1782,499172.48333333334
1783,144199.66666666666
1784,228741.67833333334
1785,136430.83333333334
1786,226372.67
1787,261868.00833333333
1788,139348.33333333334
1789,354091.56333333335
1790,235333.83833333335
1791,353116.08166666667
1792,142193.00166666668
1793,264437.3433333333
1794,188515.16666666666
1795,105220.33333333333
1796,186218.0
1797,137411.33333333334
1798,200715.66666666666
1799,242356.17
1800,240668.39333333334
1801,193399.83333333334
1802,202595.16666666666
1803,135775.5
1804,138783.0
1805,78393.0
1806,137342.16666666666
1807,247797.17
1808,109747.16666666667
1809,409040.45
1810,128794.0
1811,154479.33333333334
1812,236958.66666666666
1813,91279.66666666667
1814,106982.33333333333
1815,115307.16666666667
1816,323266.20166666666
1817,94807.165
1818,94183.16666666667
1819,244469.50666666665
1820,77006.0
1821,183361.67166666666
1822,190463.835
1823,89947.5
1824,144134.16666666666
1825,156526.5
1826,194616.5
1827,387290.255
1828,134354.33333333334
1829,72966.66666666667
1830,143629.5
1831,317608.8516666667
1832,235668.68666666668
1833,138475.0
1834,387648.0916666667
1835,254452.01333333334
1836,102233.16666666667
1837,154186.66666666666
1838,493787.85833333334
1839,84164.5
1840,216339.33333333334
1841,379046.7366666667
1842,224362.17
1843,196581.84333333332
1844,431325.42833333334
1845,213965.51
1846,199906.835
1847,181699.33333333334
1848,299765.72
1849,212813.50833333333
1850,240508.50333333333
1851,469661.68333333335
1852,208824.16666666666
1853,198246.17166666666
1854,274560.6666666667
1855,159817.83333333334
1856,94840.33333333333
1857,90513.16666666667
1858,131943.335
1859,216423.19
1860,181679.83333333334
1861,99442.33333333333
1862,204516.5
1863,99480.66666666667
1864,161630.66666666666
1865,122541.00166666666
1866,493286.6066666667
1867,193927.33333333334
1868,163601.33333333334
1869,167499.66666666666
1870,158562.83333333334
1871,195551.17166666666
1872,90533.5
1873,176144.66666666666
1874,346577.195
1875,178746.0
1876,306084.06333333335
1877,67361.16666666667
1878,91398.33333333333
1879,134675.66666666666
1880,77923.16666666667
1881,150358.33333333334
1882,188288.5
1883,195865.835
1884,174642.33333333334
1885,53212.833333333336
1886,365455.70166666666
1887,247132.17
1888,382801.8016666667
1889,108882.83333333333
1890,217255.35666666666
1891,178229.16666666666
1892,81026.33333333333
1893,141549.16666666666
1894,323485.385
1895,161062.66666666666
1896,202281.33333333334
1897,353207.3433333333
1898,123373.33333333333
1899,274115.16833333333
1900,170771.83333333334
1901,354582.18
1902,209140.835
1903,267198.68166666664
1904,211248.195
1905,171072.33333333334
1906,468422.7316666667
1907,333687.74333333335
1908,221930.0
1909,318669.74333333335
1910,119490.0
1911,296222.01
1912,184058.51
1913,186484.5
1914,187467.33666666667
1915,80615.5
1916,204085.17
1917,143189.0
1918,182054.83333333334
1919,421182.9
1920,140311.83333333334
1921,165639.0
1922,81106.66666666667
1923,343671.855
1924,336781.21166666667
1925,158733.02333333335
1926,190020.5
1927,192852.85
1928,260856.025
1929,208012.50666666665
1930,103764.33333333333
1931,220373.00833333333
1932,85155.83333333333
1933,265312.185
1934,134167.5
1935,192599.00166666668
1936,88074.33333333333
1937,154659.16666666666
1938,455064.06833333336
1939,489999.2316666667
1940,378429.69
1941,113684.83333333333
1942,200866.5
1943,83535.33333333333
1944,208290.67166666666
1945,225154.865
1946,308476.0783333333
1947,191811.00333333333
1948,262138.69166666668
1949,153446.0
1950,131097.5
1951,240379.19
1952,449493.235
1953,156218.50333333333
1954,167552.66666666666
1955,93434.66666666667
1956,148805.66666666666
1957,114984.16666666667
1958,276468.67
1959,174303.835
1960,231425.00166666668
1961,352113.7266666667
1962,144939.66666666666
1963,336902.02166666667
1964,266677.01166666666
1965,218972.68166666667
1966,279574.3566666667
1967,188233.33333333334
1968,296128.67833333334
1969,134561.17
1970,209965.51666666666
1971,219424.33666666667
1972,204396.83333333334
1973,346504.0733333333
1974,106764.66666666667
1975,184446.33333333334
1976,239747.52333333335
1977,151322.16666666666
1978,212570.17166666666
1979,198214.855
1980,87626.83333333333
1981,93860.0
1982,212851.34166666667
1983,50115.166666666664
1984,187328.335
1985,145678.66666666666
1986,140349.83333333334
1987,308557.49333333335
1988,145146.53833333333
1989,82226.66666666667
1990,174549.5
1991,95326.66666666667
1992,239525.0
1993,276104.8616666667
1994,69758.0
1995,239866.68
1996,394243.295
1997,129889.83333333333
1998,222787.52166666667
1999,237390.50166666668
2000,211169.005
2001,104836.16666666667
2002,139043.50166666668
2003,63250.166666666664
2004,125634.5
2005,488255.4
2006,161512.0
2007,89315.83333333333
2008,154295.16666666666
2009,134344.00666666665
2010,106540.16666666667
2011,167159.83333333334
2012,364214.915
2013,111734.0
2014,297692.2183333333
2015,100887.83333333333
2016,119883.83333333333
2017,242152.68333333332
2018,111437.165
2019,155991.83333333334
2020,265110.5
2021,188837.16666666666
2022,207809.0
2023,335410.2266666667
2024,121782.16666666667
2025,105863.5
2026,148588.66666666666
2027,256413.17166666666
2028,88223.5
2029,182950.33333333334
2030,322244.195
2031,351917.36
2032,91857.0
2033,244562.335
2034,85570.83333333333
2035,72104.66666666667
2036,165322.83333333334
2037,70163.33333333333
2038,209026.00166666668
2039,177787.5
2040,89760.16666666667
2041,145809.33333333334
2042,233222.375
2043,164809.35833333334
2044,112131.33333333333
2045,78936.5
2046,203212.83333333334
2047,95495.0
2048,84615.83333333333
2049,104454.5
2050,111458.33333333333
2051,205384.33333333334
2052,328431.5266666667
2053,79401.66666666667
2054,90176.33333333333
2055,164894.33333333334
2056,308000.50833333336
2057,499557.66
2058,125225.5
2059,243016.33333333334
2060,232375.01166666666
2061,256205.67166666666
2062,107820.33333333333
2063,273312.16833333333
2064,129570.0
2065,207498.34
2066,262845.69333333336
2067,243835.5
2068,233423.50333333333
2069,126773.0
2070,490733.1383333333
2071,186638.835
2072,198329.16833333333
2073,85991.0
2074,84413.16666666667
2075,283642.735
2076,316620.33666666667
2077,70485.0
2078,152433.33333333334
2079,252166.5
2080,172075.16666666666
2081,121374.66666666667
2082,142923.16666666666
2083,98904.83333333333
2084,440538.03833333333
2085,244445.01166666666
2086,105830.66666666667
2087,164285.83333333334
2088,178204.0
2089,68102.33333333333
2090,210122.00333333333
2091,188733.0
2092,90177.5
2093,242206.84833333333
2094,74287.16666666667
2095,229685.50333333333
2096,213614.16833333333
2097,128413.16666666667
2098,366647.75666666665
2099,295703.6666666667
2100,178852.35833333334
2101,211821.5
2102,213525.5
2103,123956.66666666667
2104,423871.925
2105,145571.0
2106,77669.16666666667
2107,70636.5
2108,85872.66666666667
2109,146563.83333333334
2110,145863.16666666666
2111,194120.16833333333
2112,217288.50333333333
2113,82515.83333333333
2114,233879.83333333334
2115,117584.16666666667
2116,102972.16666666667
2117,91453.83333333333
2118,117100.5
2119,320838.0316666667
2120,195418.01833333334
2121,231190.50666666665
2122,83293.0
2123,84947.83333333333
2124,95905.83333333333
2125,217181.83666666667
2126,192889.16666666666
2127,275382.695
2128,390308.56833333336
2129,182983.0
2130,89276.33333333333
2131,67155.83333333333
2132,135386.16666666666
2133,131198.5
2134,80356.0
2135,85121.0
2136,153974.33333333334
2137,182345.5
2138,264338.51666666666
2139,327987.38166666665
2140,219367.16833333333
2141,380929.75
2142,95437.16666666667
2143,293287.8383333333
2144,284008.68333333335
2145,327665.5333333333
2146,359277.87666666665
2147,243142.37666666668
2148,182489.5
2149,155121.83333333334
2150,156128.83333333334
2151,425947.315
2152,132537.83333333334
2153,251794.16666666666
2154,116685.83333333333
2155,301619.86333333334
2156,367337.8383333333
2157,63813.666666666664
2158,144516.34166666667
2159,282788.5333333333
2160,247972.0
2161,222654.66666666666
2162,151476.83333333334
2163,305256.0233333333
2164,164403.66666666666
2165,87274.33333333333
2166,66777.33333333333
2167,99774.5
2168,78062.66666666667
2169,95772.0
2170,136771.16666666666
2171,318005.84
2172,226459.335
2173,186393.66666666666
2174,155089.83333333334
2175,125355.66833333333
2176,404685.93333333335
2177,407437.395
2178,101009.5
2179,102921.33333333333
2180,296837.7033333333
2181,194659.50333333333
2182,240794.17666666667
2183,186536.66666666666
2184,181929.66833333333
2185,105183.5
2186,351980.54833333334
2187,192522.0
2188,219802.0
2189,306072.155
2190,91401.5
2191,205175.0
2192,98091.5
2193,99726.33333333333
2194,167230.66666666666
2195,169894.66666666666
2196,56887.833333333336
2197,197547.335
2198,155164.00333333333
2199,122509.83333333333
2200,110922.5
2201,123431.16666666667
2202,157628.005
2203,134874.83333333334
2204,131696.5
2205,381588.18
2206,217081.83333333334
2207,343291.3483333333
2208,284420.01666666666
2209,243992.68
2210,178985.83666666667
2211,181001.5
2212,281160.335
2213,361753.3566666667
2214,269600.17333333334
2215,316200.18333333335
2216,129716.0
2217,230005.84666666668
2218,207395.33333333334
2219,214082.50166666668
2220,213853.66666666666
2221,353473.1
2222,123075.83333333333
2223,104759.0
2224,227334.83333333334
2225,229764.5
2226,204965.00333333333
2227,377676.815
2228,126614.83333333333
2229,287952.0
2230,148357.33333333334
2231,208315.18833333332
2232,393278.33666666667
2233,100766.83333333333
2234,216971.505
2235,222460.00166666668
2236,418555.01
2237,225175.175
2238,288281.0366666667
2239,263248.50166666665
2240,113506.66666666667
2241,305463.24666666664
2242,326013.385
2243,246044.16833333333
2244,208756.66666666666
2245,375539.54333333333
2246,223745.84
2247,74036.66666666667
2248,100400.5
2249,398634.0333333333
2250,159531.5
2251,117154.83166666667
2252,238923.835
2253,143330.66666666666
2254,382405.17
2255,270171.69
2256,70463.66666666667
2257,498983.82
2258,143608.0
2259,162967.83666666667
2260,135007.33333333334
2261,224823.66833333333
2262,485123.495
2263,152020.5
2264,407437.24333333335
2265,122013.16666666667
2266,102021.16666666667
2267,78420.83333333333
2268,340583.25
2269,214943.50833333333
2270,469552.99333333335
2271,223055.66666666666
2272,242410.00333333333
2273,310437.0183333333
2274,212864.67666666667
2275,190254.83333333334
2276,109787.16666666667
2277,326277.01666666666
2278,64011.0
2279,154531.5
2280,473792.135
2281,148914.66666666666
2282,499817.83166666667
2283,180682.03166666668
2284,136579.16666666666
2285,102752.0
2286,126403.83333333333
2287,126188.33333333333
2288,68535.0
2289,261856.705
2290,145297.5
2291,266430.03
2292,171544.67
2293,144754.0
2294,113967.835
2295,276870.67
2296,343449.9066666667
2297,339639.5333333333
2298,198596.84
2299,149344.16666666666
2300,498089.7966666667
2301,285268.17
2302,280980.7816666667
2303,275747.695
2304,217071.16666666666
2305,282214.505
2306,70468.33333333333
2307,198784.85166666665
2308,85852.5
2309,49205.0
2310,79523.66666666667
2311,342055.73833333334
2312,153979.0
2313,56540.5
2314,179553.0
2315,98458.835
2316,113409.0
2317,285662.19666666666
2318,464923.8416666667
2319,251124.20833333334
2320,195460.33333333334
2321,138760.66666666666
2322,95740.5
2323,395282.14166666666
2324,157159.66833333333
2325,307901.18
2326,171006.83333333334
2327,236713.88833333334
2328,280690.8383333333
2329,481397.145
2330,257544.03166666668
2331,108509.5
2332,104943.67
2333,194043.66833333333
2334,448734.2233333333
2335,213405.66666666666
2336,100586.0
2337,320898.6983333333
2338,188793.16666666666
2339,306283.88333333336
2340,146872.83333333334
2341,343261.0316666667
2342,200927.5
2343,142038.83333333334
2344,303826.03833333333
2345,293934.36333333334
2346,430036.6483333333
2347,159088.835
2348,315164.01166666666
2349,66891.33333333333
2350,279441.67
2351,167286.005
2352,214200.33333333334
2353,195227.67
2354,273851.5
2355,146189.0
2356,201826.70833333334
2357,123589.335
2358,222478.16833333333
2359,297338.3333333333
2360,330991.265
2361,226335.16666666666
2362,159285.84
2363,205901.66666666666
2364,196108.33333333334
2365,263030.0
2366,368378.60333333333
2367,218589.33333333334
2368,275925.1766666667
2369,176988.33333333334
2370,190368.66666666666
2371,164895.5
2372,266905.3416666667
2373,448748.19333333336
2374,106104.83333333333
2375,85068.33333333333
2376,121659.66666666667
2377,89468.66666666667
2378,376046.81666666665
2379,180893.16833333333
2380,168117.5
2381,171164.16666666666
2382,219189.00333333333
2383,238426.505
2384,499501.49166666664
2385,51526.166666666664
2386,120207.66666666667
2387,224787.50333333333
2388,173859.66666666666
2389,203430.0
2390,318037.50666666665
2391,270074.695
2392,241974.52166666667
2393,360136.8983333333
2394,93725.83333333333
2395,150010.66666666666
2396,107800.16666666667
2397,117858.0
2398,130646.83333333333
2399,177805.835
2400,460040.1983333333
2401,176767.16833333333
2402,373013.7183333333
2403,281347.95166666666
2404,202817.5
2405,232381.06333333332
2406,108474.5
2407,266239.33666666667
2408,107029.33333333333
2409,338507.69666666666
2410,169663.16666666666
2411,234757.68666666668
2412,240666.175
2413,324457.5316666667
2414,100180.5
2415,194977.5
2416,156569.16666666666
2417,125329.83333333333
2418,91350.83333333333
2419,286909.39166666666
2420,238944.33333333334
2421,127073.66666666667
2422,238710.00333333333
2423,232176.37666666668
2424,155262.00333333333
2425,221513.36
2426,359566.555
2427,137710.33333333334
2428,78092.5
2429,134642.66666666666
2430,135484.0
2431,65071.333333333336
2432,274018.00166666665
2433,220422.66666666666
2434,187737.16666666666
2435,68798.83333333333
2436,297614.0183333333
2437,478814.99833333335
2438,380750.78833333333
2439,228174.67
2440,282854.8416666667
2441,280812.50333333336
2442,252787.50833333333
2443,287726.0333333333
2444,133177.5
2445,157676.5
2446,319216.525
2447,225476.93666666668
2448,88880.33333333333
2449,250562.00333333333
2450,118407.83333333333
2451,103068.66666666667
2452,305141.20666666667
2453,193109.16833333333
2454,78598.16666666667
2455,193781.33333333334
2456,242961.505
2457,280715.035
2458,148056.33333333334
2459,323727.33666666667
2460,231404.83333333334
2461,254772.185
2462,449535.25
2463,193053.035
2464,165507.66666666666
2465,84546.33166666667
2466,325292.2366666667
2467,137709.67166666666
2468,262702.675
2469,202667.33333333334
2470,85990.0
2471,202750.83333333334
2472,107230.33333333333
2473,497899.8016666667
2474,111230.33333333333
2475,256565.0
2476,153872.83833333335
2477,213661.66666666666
2478,72374.5
2479,93967.51
2480,157557.16666666666
2481,124381.0
2482,332328.19666666666
2483,126103.67
2484,120064.5
2485,69679.165
2486,117697.66666666667
2487,215778.83666666667
2488,53467.82833333333
2489,115828.0
2490,130956.66833333333
2491,146633.0
2492,79130.83333333333
2493,112003.83333333333
2494,64418.166666666664
2495,309621.7683333333
2496,198189.5
2497,318322.415
2498,158531.83333333334
2499,253640.33666666667
2500,499776.66
2501,117247.5
2502,163251.0
2503,274140.33666666667
2504,283185.015
2505,87349.16666666667
2506,146439.66666666666
2507,290366.0183333333
2508,235399.16833333333
2509,145572.0
2510,174833.50833333333
2511,212445.66666666666
2512,185767.83333333334
2513,108838.33333333333
2514,176325.66666666666
2515,97629.0
2516,96786.66666666667
2517,320820.185
2518,190892.015
2519,335063.37333333335
2520,246340.33333333334
2521,130421.33333333333
2522,222756.5
2523,166912.66666666666
2524,302907.085
2525,195552.83833333335
2526,390207.87666666665
2527,206946.50166666668
2528,344657.3333333333
2529,330386.94
2530,228681.6
2531,460186.17333333334
2532,149404.16666666666
2533,97612.33333333333
2534,246230.50166666668
2535,351728.3416666667
2536,72076.83333333333
2537,188232.18
2538,172957.66666666666
2539,152733.335
2540,230788.50166666668
2541,199962.16666666666
2542,296904.7033333333
2543,138547.16666666666
2544,271493.70666666667
2545,216728.0
2546,212613.83333333334
2547,209632.17666666667
2548,332877.25666666665
2549,113735.0
2550,116652.66666666667
2551,187291.83333333334
2552,177448.17666666667
2553,203533.83333333334
2554,310326.0983333333
2555,247069.16666666666
2556,167640.16833333333
2557,240791.91833333333
2558,133221.16666666666
2559,206417.16666666666
2560,127531.83333333333
2561,91485.83333333333
2562,228106.0
2563,176033.205
2564,269068.5366666667
2565,446167.225
2566,406967.64166666666
2567,87478.0
2568,388164.46
2569,140465.66666666666
2570,161644.34
2571,130510.67666666667
2572,310438.06833333336
2573,105499.66666666667
2574,220720.66833333333
2575,186072.0
2576,333842.3516666667
2577,294601.3516666667
2578,350797.86
2579,110245.5
2580,292201.3433333333
2581,305032.68666666665
2582,192787.50166666668
2583,168514.17166666666
2584,76553.33166666667
2585,199190.84
2586,375695.73333333334
2587,194985.33333333334
2588,157432.83333333334
2589,275263.5
2590,146806.66666666666
2591,179984.67333333334
2592,253356.835
2593,257925.89
2594,239974.16666666666
2595,85803.33333333333
2596,152376.33333333334
2597,189322.16833333333
2598,246858.17166666666
2599,250920.515
2600,224062.16666666666
2601,93657.0
2602,192753.33333333334
2603,97381.5
2604,192232.0
2605,350597.045
2606,363063.6016666667
2607,147634.5
2608,147365.16666666666
2609,62241.276666666665
2610,92534.335
2611,110829.33333333333
2612,113242.33333333333
2613,249987.01333333334
2614,113085.33333333333
2615,101512.0
2616,190336.0
2617,195159.33333333334
2618,93802.16666666667
2619,156324.33333333334
2620,158691.16666666666
2621,226925.33333333334
2622,254675.0
2623,358808.7216666667
2624,69279.5
2625,168500.33333333334
2626,313498.335
2627,140017.33333333334
2628,58863.5
2629,279637.27
2630,213530.17666666667
2631,154641.66666666666
2632,187557.66666666666
2633,60388.666666666664
2634,100698.66666666667
2635,136974.0
2636,421770.6016666667
2637,126535.0
2638,140304.33333333334
2639,147962.66666666666
2640,186346.66666666666
2641,170209.335
2642,214925.66833333333
2643,115892.5
2644,94085.5
2645,296886.705
2646,185187.50166666668
2647,449063.81333333335
2648,269336.6983333333
2649,275192.195
2650,124778.66666666667
2651,210589.83333333334
2652,210773.835
2653,53591.166666666664
2654,256691.08666666667
2655,260680.03666666665
2656,473976.61333333334
2657,166996.66666666666
2658,287179.675
2659,243360.16833333333
2660,280142.525
2661,82505.33333333333
2662,76982.99666666667
2663,181303.33333333334
2664,109789.5
2665,123747.83333333333
2666,160885.16833333333
2667,142963.83333333334
2668,250935.17
2669,233777.87
2670,194835.16666666666
2671,161107.16666666666
2672,223034.66833333333
2673,143346.67
2674,295533.68333333335
2675,290993.00333333336
2676,442386.68
2677,157136.50166666668
2678,178315.66666666666
2679,365136.2633333333
2680,279757.68666666665
2681,103267.83333333333
2682,209000.50166666668
2683,95842.5
2684,190432.0
2685,147972.16666666666
2686,269680.1666666667
2687,215085.595
2688,108078.0
2689,77560.16666666667
2690,179388.0
2691,359116.75833333336
2692,314848.715
2693,298066.35
2694,63232.333333333336
2695,102403.16833333333
2696,62559.0
2697,164836.335
2698,143090.33333333334
2699,186615.66833333333
2700,478064.36833333335
2701,77552.33333333333
2702,458413.9716666667
2703,275548.5416666667
2704,162201.16666666666
2705,221251.505
2706,317495.50333333336
2707,191927.33333333334
2708,236804.33333333334
2709,99487.0
2710,85832.83333333333
2711,242746.005
2712,60781.166666666664
2713,165819.33333333334
2714,267448.75833333336
2715,88906.0
2716,92434.33333333333
2717,175964.0
2718,244187.83666666667
2719,256732.185
2720,143109.0
2721,150001.83333333334
2722,351179.87666666665
2723,73413.0
2724,364047.58
2725,113074.16
2726,148353.83333333334
2727,82884.0
2728,261801.34
2729,448823.67833333334
2730,178479.0
2731,205822.16833333333
2732,228403.0
2733,99895.83333333333
2734,388941.28833333333
2735,155833.66666666666
2736,64483.833333333336
2737,316982.015
2738,240459.36166666666
2739,382992.69666666666
2740,52824.0
2741,268387.5
2742,116406.0
2743,159836.0
2744,103658.83333333333
2745,118306.0
2746,262728.50333333336
2747,131210.5
2748,336917.915
2749,139617.66666666666
2750,316310.815
2751,235759.83333333334
2752,206888.16833333333
2753,212789.66666666666
2754,248278.015
2755,53802.0
2756,163301.66833333333
2757,298831.0233333333
2758,78179.33333333333
2759,219404.16666666666
2760,68162.16666666667
2761,198016.5
2762,381082.94333333336
2763,186467.50166666668
2764,143875.33333333334
2765,105272.83333333333
2766,181360.67166666666
2767,423669.815
2768,346329.0516666667
2769,201522.0
2770,203745.84833333333
2771,133130.5
2772,223423.025
2773,352247.225
2774,144468.0
2775,362071.63
2776,342314.95
2777,102879.83333333333
2778,289824.00666666665
2779,77945.33333333333
2780,104830.66666666667
2781,108490.16666666667
2782,92817.33333333333
2783,252210.68
2784,76145.0
2785,190839.0
2786,339927.86666666664
2787,141126.33333333334
2788,234548.52
2789,72779.0
2790,298749.64166666666
2791,254682.85666666666
2792,373799.0333333333
2793,177557.50333333333
2794,75050.83333333333
2795,96450.5
2796,94920.0
2797,91093.83333333333
2798,330550.50666666665
2799,225293.83666666667
2800,314812.7
2801,109114.16666666667
2802,205567.33333333334
2803,319471.855
2804,112561.16666666667
2805,216128.175
2806,313230.69
2807,366297.5983333333
2808,375399.9816666667
2809,205054.0
2810,89962.5
2811,161133.835
2812,222362.5
2813,185579.16666666666
2814,138570.83333333334
2815,298527.0266666667
2816,287038.5
2817,197702.66666666666
2818,148444.0
2819,146082.5
2820,371279.54333333333
2821,91826.83333333333
2822,174218.5
2823,268960.67
2824,224813.00666666665
2825,160413.66666666666
2826,251200.50666666665
2827,88113.165
2828,110164.83333333333
2829,171192.175
2830,151691.835
2831,174459.33333333334
2832,127830.83666666667
2833,179995.5
2834,229673.33333333334
2835,189326.50333333333
2836,182222.18
2837,275620.5366666667
2838,103023.16666666667
2839,268332.005
2840,296289.6666666667
2841,149708.16666666666
2842,254660.33333333334
2843,69144.0
2844,253483.5
2845,77875.33333333333
2846,161214.33333333334
2847,96329.99833333334
2848,131163.83333333334
2849,127187.83833333333
2850,270799.5
2851,213128.00166666668
2852,497279.14166666666
2853,150921.83333333334
2854,350423.855
2855,201199.16833333333
2856,184299.16666666666
2857,94610.66666666667
2858,188677.33333333334
2859,337872.21166666667
2860,353002.41833333333
2861,299486.685
2862,86318.16666666667
2863,200211.67166666666
2864,176259.16666666666
2865,118558.66666666667
2866,311397.50833333336
2867,131460.5
2868,400809.81333333335
2869,98849.5
2870,289926.6666666667
2871,290673.51666666666
2872,177546.5
2873,341182.22833333333
2874,472732.69333333336
2875,231664.33333333334
2876,157692.55333333334
2877,110231.83333333333
2878,213903.00166666668
2879,106219.16666666667
2880,414295.195
2881,148362.16666666666
2882,162467.5
2883,190070.66666666666
2884,281768.36
2885,312645.31166666665
2886,102100.66666666667
2887,408413.84
2888,99483.33333333333
2889,73043.49833333334
2890,223670.36
2891,158388.00333333333
2892,187874.17166666666
2893,142237.33333333334
2894,178554.5
2895,243939.01166666666
2896,223835.83833333335
2897,272345.8466666667
2898,142598.66666666666
2899,357197.4533333333
2900,299078.19
2901,235415.33333333334
2902,133067.5
2903,118518.33333333333
2904,430342.6116666667
2905,253208.66833333333
2906,150653.5
2907,368628.225
2908,222908.835
2909,343587.44
2910,123536.17
2911,119965.0
2912,105410.5
2913,221096.50333333333
2914,226618.67
2915,86367.0
2916,203534.50166666668
2917,141345.66666666666
2918,120728.99833333334
2919,189898.33333333334
2920,156810.33333333334
2921,153238.5
2922,162698.66666666666
2923,213458.00333333333
2924,273089.68
2925,383593.52166666667
2926,485944.08166666667
2927,229593.50166666668
2928,466771.5316666667
2929,137338.83333333334
2930,472120.91
2931,192780.33333333334
2932,148171.83333333334
2933,186494.5
2934,223717.00166666668
2935,346158.4533333333
2936,94295.5
2937,429562.115
2938,194228.33333333334
2939,251734.83666666667
2940,54148.666666666664
2941,214694.0
2942,167365.16666666666
2943,144572.66666666666
2944,347987.93833333335
2945,225529.83333333334
2946,195899.33333333334
2947,353177.5516666667
2948,193553.00166666668
2949,181009.83333333334
2950,297197.3516666667
2951,66742.0
2952,159907.5
2953,254086.69
2954,115010.33333333333
2955,121243.84166666666
2956,103209.66666666667
2957,305424.38333333336
2958,276664.6716666667
2959,156019.5
2960,95080.0
2961,254959.00833333333
2962,65010.5
2963,492728.4
2964,325454.37
2965,268255.8516666667
2966,53738.666666666664
2967,328164.91333333333
2968,253291.00166666668
2969,167901.18833333332
2970,73517.0
2971,231073.83333333334
2972,264434.3433333333
2973,118259.83333333333
2974,118420.33333333333
2975,149524.5
2976,365871.69
2977,153617.66666666666
2978,246936.66666666666
2979,72206.83333333333
2980,431924.2
2981,467661.24
2982,277633.395
2983,138095.5
2984,180168.83333333334
2985,185543.66666666666
2986,202386.33333333334
2987,111345.83333333333
2988,174250.92
2989,64835.166666666664
2990,271393.51166666666
2991,153703.67166666666
2992,254603.18833333332
2993,320363.69166666665
2994,189801.84
2995,206916.66833333333
2996,78056.5
2997,85866.5
2998,169501.5
2999,299014.87166666664
3000,228676.33333333334
3001,166924.50166666668
3002,180920.0
3003,168677.16666666666
3004,111934.16666666667
3005,290484.515
3006,108522.5
3007,190318.66833333333
3008,105409.66666666667
3009,149126.33333333334
3010,246100.16833333333
3011,253563.16666666666
3012,127440.16666666667
3013,144197.16666666666
3014,157655.0
3015,65285.985
3016,127408.66666666667
3017,305693.12333333335
3018,231632.67
3019,373570.03
3020,343921.76
3021,207805.66833333333
3022,293282.6666666667
3023,94210.16666666667
3024,191186.33333333334
3025,142556.0
3026,145237.16666666666
3027,190466.83333333334
3028,63615.943333333336
3029,288401.54833333334
3030,87870.16666666667
3031,141257.5
3032,237720.335
3033,181520.16666666666
3034,255138.66666666666
3035,300501.37166666664
3036,490397.6516666667
3037,107650.83333333333
3038,240320.335
3039,449934.93166666664
3040,146758.33833333335
3041,193404.5
3042,191386.83333333334
3043,202602.33333333334
3044,324994.68333333335
3045,265032.51
3046,201843.17
3047,194000.69166666668
3048,75394.16666666667
3049,170937.33833333335
3050,497370.93666666665
3051,68600.0
3052,169039.0
3053,169590.17
3054,225973.50166666668
3055,83263.33
3056,153988.5
3057,278149.50166666665
3058,149571.33333333334
3059,373962.18666666665
3060,367007.37166666664
3061,351731.7266666667
3062,78559.16666666667
3063,181359.5
3064,202205.00166666668
3065,333919.185
3066,155498.0
3067,169475.16833333333
3068,116597.83333333333
3069,231242.5
3070,414452.75
3071,356670.24666666664
3072,179859.66666666666
3073,87056.16666666667
3074,227728.50166666668
3075,97174.155
3076,361074.9033333333
3077,190045.33333333334
3078,226894.16666666666
3079,156460.52333333335
3080,200162.67
3081,193951.35333333333
3082,213672.66666666666
3083,64244.833333333336
3084,96331.33333333333
3085,272003.69333333336
3086,99801.5
3087,146439.0
3088,160650.83333333334
3089,175150.16666666666
3090,325311.83666666667
3091,91508.33333333333
3092,137608.0
3093,220215.5
3094,121405.16666666667
3095,381744.0733333333
3096,337049.8466666667
3097,211686.33333333334
3098,73120.66666666667
3099,70335.33333333333
3100,134667.5
3101,173969.66666666666
3102,484253.61666666664
3103,231165.00166666668
3104,59249.0
3105,154793.0
3106,93475.0
3107,158039.83333333334
3108,130404.83333333333
3109,218636.66833333333
3110,144787.33333333334
3111,244808.85
3112,189737.33333333334
3113,169888.83333333334
3114,219864.66666666666
3115,218874.50833333333
3116,190011.5
3117,130804.16666666667
3118,388993.62166666664
3119,338008.71166666667
3120,133111.66666666666
3121,290957.005
3122,154692.5
3123,274179.17
3124,265455.855
3125,125827.83333333333
3126,187227.16666666666
3127,165443.335
3128,154700.0
3129,239686.51
3130,181391.5
3131,365383.765
3132,128488.5
3133,227310.00166666668
3134,99252.16666666667
3135,216561.735
3136,347729.0883333333
3137,364722.18
3138,91452.83333333333
3139,99095.16666666667
3140,240968.16833333333
3141,386483.01666666666
3142,494948.3983333333
3143,101653.33333333333
3144,214888.835
3145,114181.16666666667
3146,96932.0
3147,110459.33333333333
3148,195667.16666666666
3149,98425.16666666667
3150,210023.17166666666
3151,238373.21
3152,75061.66666666667
3153,126740.5
3154,215314.5
3155,317275.03833333333
3156,226314.67166666666
3157,249235.50333333333
3158,249189.835
3159,446497.3283333333
3160,361161.5916666667
3161,181309.83666666667
3162,301278.835
3163,232778.66666666666
3164,95572.83333333333
3165,111217.0
3166,83905.665
3167,176372.16833333333
3168,184337.00166666668
3169,108576.66666666667
3170,108486.33333333333
3171,111821.33333333333
3172,80376.83333333333
3173,273694.345
3174,420752.365
3175,154237.83333333334
3176,71271.83333333333
3177,212856.34166666667
3178,84471.0
3179,381724.575
3180,294927.83666666667
3181,174168.50166666668
3182,82103.83333333333
3183,63505.166666666664
3184,220938.83666666667
3185,185887.83333333334
3186,256785.67
3187,153473.16833333333
3188,238064.83666666667
3189,162611.0
3190,322196.19
3191,175907.67
3192,139091.83333333334
3193,232273.35166666665
3194,127716.17
3195,164091.16833333333
3196,140268.16833333333
3197,171481.66666666666
3198,145163.83333333334
3199,61193.333333333336
3200,142781.83333333334
3201,384514.48333333334
3202,188640.66666666666
3203,401610.9266666667
3204,92506.83333333333
3205,222885.18666666668
3206,299954.0233333333
3207,253417.0
3208,281478.18166666664
3209,206882.01833333334
3210,123222.66666666667
3211,237739.835
3212,167421.33333333334
3213,204397.0
3214,191479.33333333334
3215,68604.15333333334
3216,189548.0
3217,222379.56666666668
3218,271147.8333333333
3219,181352.835
3220,272413.83666666667
3221,249798.0
3222,172426.66666666666
3223,175590.0
3224,365821.9733333333
3225,190636.50333333333
3226,71995.5
3227,477756.52
3228,56423.333333333336
3229,212972.16666666666
3230,176735.16833333333
3231,207810.70333333334
3232,253318.33666666667
3233,210764.51166666666
3234,110685.66666666667
3235,212980.67166666666
3236,294162.0
3237,121799.33333333333
3238,127386.0
3239,124684.66666666667
3240,255475.50666666665
3241,226770.16833333333
3242,333804.2366666667
3243,178486.5
3244,481752.38166666665
3245,452406.465
3246,213760.09166666667
3247,140368.66666666666
3248,186955.835
3249,209519.34833333333
3250,250597.70333333334
3251,365233.12166666664
3252,252612.00166666668
3253,189072.33333333334
3254,85538.66666666667
3255,306827.5783333333
3256,429108.81833333336
3257,325612.51166666666
3258,276852.67333333334
3259,228846.335
3260,267585.6766666667
3261,192894.66666666666
3262,67216.0
3263,367508.22833333333
3264,301085.18
3265,435223.5833333333
3266,217348.16833333333
3267,181314.175
3268,170409.335
3269,233204.835
3270,313980.7366666667
3271,303152.5366666667
3272,368255.30833333335
3273,117524.5
3274,175340.835
3275,260287.85833333334
3276,323928.36333333334
3277,102405.16666666667
3278,164088.16833333333
3279,174948.66666666666
3280,189781.175
3281,183953.83333333334
3282,374537.22833333333
3283,319981.0
3284,255734.84
3285,157595.0
3286,224219.67
3287,161323.5
3288,105472.66666666667
3289,166949.00166666668
3290,248736.83333333334
3291,148946.66666666666
3292,68122.83333333333
3293,74543.83333333333
3294,235761.50166666668
3295,79288.16666666667
3296,280131.17333333334
3297,145325.50333333333
3298,89589.83333333333
3299,332633.9083333333
3300,241894.50666666665
3301,321061.635
3302,221451.67166666666
3303,136461.16666666666
3304,192916.00333333333
3305,366403.615
3306,111948.33333333333
3307,176621.66666666666
3308,85555.0
3309,145837.0
3310,406417.79833333334
3311,303596.02166666667
3312,163031.16666666666
3313,164686.0
3314,163954.835
3315,102051.0
3316,126414.83333333333
3317,217673.33666666667
3318,179542.16666666666
3319,375679.795
3320,360048.845
3321,210469.335
3322,351654.8483333333
3323,262102.70666666667
3324,220621.16666666666
3325,152525.66666666666
3326,197292.50166666668
3327,58168.666666666664
3328,182589.33333333334
3329,222261.17
3330,195338.83333333334
3331,349096.55
3332,230532.18166666667
3333,190876.83333333334
3334,209431.0
3335,185286.0
3336,181711.0
3337,200133.66666666666
3338,303822.51
3339,134789.66833333333
3340,143883.335
3341,115736.66666666667
3342,155040.83333333334
3343,273010.01666666666
3344,201497.5
3345,102937.16666666667
3346,159906.33333333334
3347,215137.66833333333
3348,196318.83333333334
3349,151424.16666666666
3350,116868.5
3351,250947.67666666667
3352,226156.66666666666
3353,401274.9733333333
3354,72354.33333333333
3355,179141.66833333333
3356,231285.50166666668
3357,74651.99833333334
3358,152393.66666666666
3359,192982.50166666668
3360,192721.33333333334
3361,185615.69666666666
3362,388044.7783333333
3363,139350.5
3364,174212.83333333334
3365,153725.0
3366,189131.33333333334
3367,260667.50833333333
3368,170025.845
3369,254355.16833333333
3370,140549.0
3371,195360.33333333334
3372,184878.335
3373,206128.0
3374,125985.33333333333
3375,110477.67166666666
3376,116213.00166666666
3377,124676.5
3378,129499.0
3379,321337.17333333334
3380,443247.05833333335
3381,156473.005
3382,319026.94166666665
3383,131281.16666666666
3384,122590.16666666667
3385,73769.5
3386,112510.0
3387,242535.17
3388,290449.835
3389,375466.9533333333
3390,198442.83333333334
3391,233435.86
3392,58370.833333333336
3393,117210.83333333333
3394,174965.0
3395,171758.83333333334
3396,107412.5
3397,88680.5
3398,414664.0283333333
3399,323430.21
3400,290057.67833333334
3401,402847.0466666667
3402,225732.00166666668
3403,105343.33333333333
3404,226840.00166666668
3405,115897.16666666667
3406,189128.5
3407,295066.66833333333
3408,136708.83333333334
3409,217580.66666666666
3410,153770.5
3411,304067.0283333333
3412,160506.16666666666
3413,187046.0
3414,77479.16666666667
3415,279514.51166666666
3416,167493.5
3417,288716.6983333333
3418,175287.33333333334
3419,223071.01166666666
3420,264009.335
3421,468133.89666666667
3422,292896.69333333336
3423,230198.17666666667
3424,201348.18333333332
3425,72778.16666666667
3426,209988.16666666666
3427,425196.86
3428,122266.16666666667
3429,62557.333333333336
3430,351737.23833333334
3431,342639.5233333333
3432,151333.17
3433,73694.16666666667
3434,80797.66666666667
3435,73337.16666666667
3436,139693.83333333334
3437,402672.105
3438,193033.00166666668
3439,190424.33333333334
3440,393513.2033333333
3441,170996.5
3442,345235.70166666666
3443,169079.66666666666
3444,150019.0
3445,427107.80666666664
3446,141090.83333333334
3447,129093.83333333333
3448,474789.12833333336
3449,164283.0
3450,62762.496666666666
3451,215734.16666666666
3452,125997.66666666667
3453,113581.83333333333
3454,185013.0
3455,189221.33333333334
3456,354583.85
3457,186238.00333333333
3458,415738.5366666667
3459,74070.16666666667
3460,168976.0
3461,114315.66666666667
3462,275767.16833333333
3463,106935.5
3464,298018.03
3465,205179.5
3466,206506.83333333334
3467,81863.66666666667
3468,83374.0
3469,255331.01166666666
3470,148536.0
3471,170168.175
3472,393109.4216666667
3473,161514.51833333334
3474,309013.0133333333
3475,158210.0
3476,437528.67833333334
3477,154502.66833333333
3478,326014.22833333333
3479,422387.75833333336
3480,304676.83666666667
3481,97830.16666666667
3482,147905.33333333334
3483,242742.005
3484,150736.16666666666
3485,160689.83333333334
3486,79199.0
3487,104876.16666666667
3488,55225.333333333336
3489,138954.66666666666
3490,173250.83333333334
3491,301331.1766666667
3492,150164.5
3493,106750.16666666667
3494,98752.16833333333
3495,90187.83333333333
3496,289142.00166666665
3497,247924.00166666668
3498,321976.8616666667
3499,481242.62166666664
3500,329951.84
3501,149027.5
3502,106701.16666666667
3503,152343.50166666668
3504,201662.16666666666
3505,184836.01166666666
3506,311947.3383333333
3507,70673.83333333333
3508,362893.5266666667
3509,298596.515
3510,90173.33333333333
3511,90605.66666666667
3512,311841.67333333334
3513,131144.66666666666
3514,55249.833333333336
3515,146256.66666666666
3516,305106.68166666664
3517,71406.5
3518,388366.5916666667
3519,297337.8333333333
3520,141250.67
3521,98615.83333333333
3522,288701.2216666667
3523,93599.33333333333
3524,49332.666666666664
3525,176299.33666666667
3526,151505.5
3527,86890.5
3528,121534.0
3529,162216.33333333334
3530,213261.66666666666
3531,157717.66666666666
3532,188832.83333333334
3533,199506.33333333334
3534,208341.50166666668
3535,179274.00166666668
3536,217750.835
3537,113049.66666666667
3538,244848.52166666667
3539,496737.27166666667
3540,384958.98
3541,151279.16666666666
3542,186397.01333333334
3543,321543.9116666667
3544,294220.5183333333
3545,478023.87333333335
3546,184990.67
3547,491582.81
3548,420985.4216666667
3549,147967.33666666667
3550,237917.0
3551,221510.86166666666
3552,212737.0
3553,413994.39
3554,143331.16666666666
3555,68776.0
3556,349691.3383333333
3557,410708.3983333333
3558,142020.66666666666
3559,324238.5183333333
3560,224308.83666666667
3561,231574.83833333335
3562,104608.83333333333
3563,469465.44666666666
3564,75727.16666666667
3565,291539.68666666665
3566,374311.2183333333
3567,308942.00333333336
3568,150803.83333333334
3569,192626.5
3570,199129.33666666667
3571,189038.00666666665
3572,68897.33333333333
3573,158425.5
3574,140153.66833333333
3575,155774.5
3576,165497.66666666666
3577,56235.333333333336
3578,296042.725
3579,276902.00333333336
3580,416136.87833333336
3581,172577.33333333334
3582,87181.66666666667
3583,175023.5
3584,223269.0
3585,51095.166666666664
3586,452688.835
3587,97563.33333333333
3588,67404.83333333333
3589,296665.16833333333
3590,129235.33333333333
3591,148494.83333333334
3592,473196.12833333336
3593,490177.8616666667
3594,158406.34333333332
3595,132880.5
3596,83769.5
3597,99737.17166666666
3598,75447.16666666667
3599,100072.66666666667
3600,303064.24
3601,403805.05833333335
3602,193354.16666666666
3603,465041.905
3604,259153.66833333333
3605,172402.0
3606,415834.9216666667
3607,277100.3433333333
3608,164025.66666666666
3609,437942.00833333336
3610,115991.16666666667
3611,449386.9066666667
3612,63987.5
3613,141862.16666666666
3614,282694.38166666665
3615,107472.5
3616,67080.0
3617,235939.16666666666
3618,204066.335
3619,220370.50166666668
3620,105749.16666666667
3621,68224.0
3622,326509.86
3623,113673.0
3624,373492.13333333336
3625,282207.2633333333
3626,485671.67833333334
3627,112955.66833333333
3628,182293.33333333334
3629,171244.0
3630,173513.83333333334
3631,123847.66666666667
3632,380537.4766666667
3633,272039.16833333333
3634,294256.5366666667
3635,121732.67333333334
3636,199623.0
3637,170137.16666666666
3638,101815.0
3639,257334.01166666666
3640,104099.83333333333
3641,489988.895
3642,78512.16666666667
3643,234535.185
3644,141735.5
3645,153672.835
3646,337084.5516666667
3647,71813.83333333333
3648,204052.33333333334
3649,82827.16666666667
3650,331402.4083333333
3651,458436.615
3652,95678.66666666667
3653,122596.66666666667
3654,339331.54333333333
3655,112318.16666666667
3656,346672.35333333333
3657,304894.01166666666
3658,261696.33666666667
3659,245078.335
3660,92373.33333333333
3661,214099.66666666666
3662,414780.2133333333
3663,172276.83333333334
3664,209072.335
3665,95860.5
3666,264813.67
3667,221700.17
3668,54453.166666666664
3669,227948.34
3670,162578.83333333334
3671,176430.66833333333
3672,139878.0
3673,242617.83333333334
3674,284883.19
3675,334330.2033333333
3676,108185.33333333333
3677,289316.34
3678,404008.70166666666
3679,129011.66666666667
3680,136119.5
3681,92216.83333333333
3682,271315.50166666665
3683,214815.16666666666
3684,93381.83333333333
3685,160562.16833333333
3686,132359.16666666666
3687,245318.83666666667
3688,157904.17166666666
3689,414391.78
3690,186857.83333333334
3691,326880.37333333335
3692,102876.83333333333
3693,193252.66666666666
3694,244689.51833333334
3695,253356.88
3696,371947.905
3697,210267.66833333333
3698,73364.5
3699,151070.5
3700,172679.17
3701,115813.66666666667
3702,143669.66666666666
3703,104648.33333333333
3704,398605.9816666667
3705,269623.43666666665
3706,120687.16666666667
3707,228404.50333333333
3708,267596.00666666665
3709,155921.67
3710,155739.33333333334
3711,114520.5
3712,84961.0
3713,188380.83333333334
3714,177271.5
3715,340889.9166666667
3716,274379.3333333333
3717,82025.5
3718,261061.00833333333
3719,231257.68
3720,121196.66666666667
3721,93817.66666666667
3722,285331.00166666665
3723,197863.835
3724,267581.5
3725,86704.66666666667
3726,136316.83333333334
3727,190567.335
3728,145036.66666666666
3729,332492.17833333334
3730,305443.00333333336
3731,224370.00333333333
3732,170859.84166666667
3733,86788.51
3734,59536.166666666664
3735,489395.8333333333
3736,146573.83333333334
3737,223173.16666666666
3738,332615.05333333334
3739,51173.666666666664
3740,127712.175
3741,342111.225
3742,84821.33333333333
3743,52605.333333333336
3744,237751.33333333334
3745,233704.17166666666
3746,140772.83333333334
3747,71028.83333333333
3748,257847.33833333335
3749,109364.66666666667
3750,207813.83333333334
3751,60520.833333333336
3752,239135.17
3753,98831.66666666667
3754,143719.83333333334
3755,320750.00166666665
3756,316110.23
3757,285052.17333333334
3758,146064.5
3759,342901.63166666665
3760,179634.16666666666
3761,250700.00166666668
3762,338441.05333333334
3763,434465.10833333334
3764,278423.5233333333
3765,113947.33333333333
3766,96152.5
3767,240025.50166666668
3768,298678.685
3769,150716.16833333333
3770,144072.66666666666
3771,311082.5266666667
3772,79314.37333333334
3773,381576.2816666667
3774,143006.5
3775,328421.21
3776,237664.0
3777,153935.16666666666
3778,230610.50166666668
3779,182788.335
3780,282438.00166666665
3781,109969.66666666667
3782,139451.50166666668
3783,182211.33333333334
3784,219811.185
3785,110876.66666666667
3786,292445.6716666667
3787,169851.83333333334
3788,108107.33333333333
3789,208749.43666666668
3790,183127.67833333334
3791,115952.0
3792,344338.0983333333
3793,309811.52166666667
3794,345731.05333333334
3795,343664.4166666667
3796,61027.666666666664
3797,115057.16666666667
3798,231482.00166666668
3799,243033.33333333334
3800,362431.7216666667
3801,282022.16833333333
3802,311950.685
3803,292620.0466666667
3804,173403.33333333334
3805,195445.33333333334
3806,174484.33333333334
3807,206224.66666666666
3808,105438.16666666667
3809,90607.33333333333
3810,335551.85
3811,270464.365
3812,163492.16666666666
3813,233605.00166666668
3814,285925.005
3815,62133.166666666664
3816,165946.335
3817,126246.33333333333
3818,307863.01166666666
3819,251656.69
3820,211206.83666666667
3821,230253.505
3822,131938.5
3823,324466.2366666667
3824,164602.335
3825,160824.83666666667
3826,158512.0
3827,355266.705
3828,161970.00166666668
3829,189092.16666666666
3830,159843.5
3831,498702.4733333333
3832,174640.16666666666
3833,159119.03666666665
3834,211728.66666666666
3835,359496.5416666667
3836,154941.66833333333
3837,126973.33333333333
3838,64012.5
3839,91471.33333333333
3840,399337.94
3841,376193.78
3842,156572.50166666668
3843,201673.83833333335
3844,264093.85
3845,191364.66666666666
3846,147725.16666666666
3847,104972.83333333333
3848,139735.5
3849,157444.83333333334
3850,137343.83333333334
3851,116180.335
3852,108362.83333333333
3853,82725.5
3854,378973.2316666667
3855,201367.83333333334
3856,316190.505
3857,157228.83333333334
3858,202674.16666666666
3859,125901.0
3860,170295.16666666666
3861,267370.50333333336
3862,206669.33333333334
3863,192996.335
3864,168070.0
3865,224741.66666666666
3866,196094.33333333334
3867,186442.5
3868,290386.18
3869,153039.00166666668
3870,133714.0
3871,76973.83333333333
3872,263545.6716666667
3873,284734.68333333335
3874,77039.5
3875,116311.16666666667
3876,290929.235
3877,106176.5
3878,94594.50333333333
3879,276211.1766666667
3880,233099.33833333335
3881,207633.00166666668
3882,262706.1716666667
3883,487141.3233333333
3884,166780.0
3885,131183.33333333334
3886,324457.685
3887,423314.725
3888,187229.17333333334
3889,130598.0
3890,264503.01
3891,210488.16666666666
3892,193549.33333333334
3893,362281.5933333333
3894,224927.50833333333
3895,307601.67833333334
3896,209910.50833333333
3897,353125.375
3898,198349.0
3899,147672.67166666666
3900,102056.66666666667
3901,248683.18166666667
3902,195451.005
3903,129455.66666666667
3904,146482.66666666666
3905,252004.23833333334
3906,324849.8933333333
3907,158975.66833333333
3908,234254.16666666666
3909,245285.16833333333
3910,102171.66666666667
3911,153097.5
3912,139566.83333333334
3913,114546.16666666667
3914,228726.00833333333
3915,111812.33333333333
3916,213830.83333333334
3917,175045.33333333334
3918,421043.49
3919,214441.33666666667
3920,99900.165
3921,144562.16666666666
3922,84625.16666666667
3923,140904.50166666668
3924,103634.33333333333
3925,109558.5
3926,324704.00833333336
3927,194123.5
3928,171027.0
3929,361425.42333333334
3930,216220.0
3931,307868.8466666667
3932,139052.835
3933,270821.335
3934,187468.33833333335
3935,343783.5416666667
3936,63210.833333333336
3937,383226.4083333333
3938,360564.74166666664
3939,311056.86666666664
3940,419923.87833333336
3941,253172.17166666666
3942,108623.16666666667
3943,195141.68333333332
3944,90030.83333333333
3945,130523.66666666667
3946,271005.3416666667
3947,144909.16666666666
3948,141365.5
3949,244107.69833333333
3950,135987.0
3951,270237.16833333333
3952,346066.5966666667
3953,292351.67333333334
3954,134523.83666666667
3955,353654.7683333333
3956,181638.33333333334
3957,228161.66666666666
3958,200761.66666666666
3959,115788.83333333333
3960,144830.0
3961,118890.83333333333
3962,151415.17
3963,190270.345
3964,155623.00166666668
3965,431512.9
3966,358977.2166666667
3967,112288.33333333333
3968,169396.16833333333
3969,245201.50166666668
3970,218904.00333333333
3971,211010.16666666666
3972,208048.66666666666
3973,218097.66666666666
3974,412435.3516666667
3975,125593.66666666667
3976,101724.5
3977,262694.66833333333
3978,221264.83333333334
3979,252519.66833333333
3980,91954.5
3981,185904.66666666666
3982,86011.16666666667
3983,296062.12833333336
3984,212294.835
3985,290261.73833333334
3986,297869.9166666667
3987,84909.16666666667
3988,135470.66833333333
3989,59816.333333333336
3990,107557.66666666667
3991,145593.33333333334
3992,299806.86666666664
3993,145332.33333333334
3994,199464.66666666666
3995,192640.16666666666
3996,171720.525
3997,102493.66666666667
3998,259228.0
3999,331135.3933333333
4000,94538.5
4001,272612.01
4002,96045.83333333333
4003,96313.0
4004,178388.67166666666
4005,235858.33333333334
4006,334759.20666666667
4007,179733.16666666666
4008,254149.01
4009,135485.66666666666
4010,168717.66666666666
4011,206649.005
4012,120627.5
4013,308311.0
4014,175492.16666666666
4015,96391.66666666667
4016,279659.045
4017,242200.83333333334
4018,214909.00333333333
4019,222402.18666666668
4020,221752.67
4021,358985.37333333335
4022,441651.3516666667
4023,270351.5266666667
4024,257255.84333333332
4025,86796.16666666667
4026,165123.5
4027,139359.66666666666
4028,181957.335
4029,271727.02166666667
4030,259706.83833333335
4031,246172.72333333333
4032,100639.66666666667
4033,165881.33333333334
4034,103073.66666666667
4035,186067.5
4036,163797.16666666666
4037,258785.355
4038,90304.5
4039,190196.83333333334
4040,164421.66833333333
4041,213799.83666666667
4042,66078.66666666667
4043,212862.16666666666
4044,467388.7966666667
4045,255736.67
4046,239307.17166666666
4047,190937.0
4048,359978.55
4049,123589.16666666667
4050,242792.00833333333
4051,236845.50166666668
4052,167789.33333333334
4053,96703.83333333333
4054,282875.6716666667
4055,239712.66833333333
4056,201605.83333333334
4057,179240.50166666668
4058,188207.835
4059,237475.02166666667
4060,284235.02
4061,211699.0
4062,239930.01666666666
4063,376447.42
4064,291613.8383333333
4065,188970.5
4066,464704.765
4067,195514.33333333334
4068,189948.6
4069,325850.09
4070,454036.24166666664
4071,311447.045
4072,333734.515
4073,328246.38
4074,247088.17333333334
4075,335182.0783333333
4076,81577.66666666667
4077,188136.0
4078,277713.53
4079,313139.515
4080,161951.33333333334
4081,94443.83333333333
4082,212885.16666666666
4083,84534.0
4084,68998.16666666667
4085,156506.66666666666
4086,128718.16666666667
4087,237811.85666666666
4088,302141.8383333333
4089,82202.33333333333
4090,69785.995
4091,258053.345
4092,366745.7866666667
4093,143394.33333333334
4094,268349.42
4095,292869.17
4096,225487.5
4097,155378.66666666666
4098,240253.06833333333
4099,210847.16666666666
4100,268541.8333333333
4101,96307.0
4102,129723.01166666667
4103,151938.33333333334
4104,183989.34
4105,131300.16666666666
4106,200464.335
4107,180245.0
4108,178030.84
4109,147315.16666666666
4110,136736.5
4111,191166.0
4112,124879.66666666667
4113,170401.35166666665
4114,174015.5
4115,208821.33666666667
4116,81657.5
4117,312619.2166666667
4118,490522.0133333333
4119,65892.0
4120,206482.33333333334
4121,343580.68
4122,81499.5
4123,149256.66666666666
4124,112532.16666666667
4125,339481.13666666666
4126,285863.7183333333
4127,227543.335
